Inference type;Dataset size;Time;Iterations;ELBO
coordAsc/ugm_cavi;100;0.5598030805587999;3;-158.39546430220034
coordAsc/ugm_cavi;500;0.5198247432709001;3;-720.1993947043972
coordAsc/ugm_cavi;1000;0.6118907690047999;3;-1430.0308052104974
gradAsc/ugm_gavi;100;9.732891392706;2344;-159.01867592243806
gradAsc/ugm_gavi;500;7.5841045141259995;1783;-735.1470727192321
gradAsc/ugm_gavi;1000;4.176330399514001;409;-1457.134094855188
