Inference type;Dataset size;Time;Iterations;ELBO
coordAsc/ugm_cavi;100;0.52201795578;4;-160.0474678231335
coordAsc/ugm_cavi;500;0.525135040283;3;-700.0512698695238
coordAsc/ugm_cavi;1000;0.528228998184;3;-1407.3387095478429
gradAsc/ugm_gavi;100;10.1715238094;3452;-168.38068779056948
gradAsc/ugm_gavi;500;19.5451049805;7861;-769.9065513820105
gradAsc/ugm_gavi;1000;3.35022997856;336;-1457.837076550073
