Iteration;ELBO
0;-163.51375138489766
1;-162.45700817728039
2;-162.45698552559588
