Iteration;ELBO
0;-734.15265807128162
1;-734.06300833718888
