Iteration;ELBO
0;-1405.4553307786045
1;-1405.4479521818539
