Iteration;ELBO
0;-146.2751780273029
1;-146.22936272531842
2;-146.22935931999154
