Iteration;ELBO
0;-152.10248667307224
1;-146.94894338915401
2;-146.94456607323264
