Iteration;ELBO
0;-1439.5427884518322
1;-1438.6361001593432
