cid,x,y,z
1.0,0.131364496515,-0.590685372085,-1.00062387318
-1.0,-1.90206919581,-0.0518527188196,-1.01665336703
1.0,2.29749236265,-0.982830132008,0.0511009011955
-1.0,-0.687219407105,2.76735718878,0.986560688875
1.0,-1.47645170017,0.0825623704686,1.13269661883
